{
	"credit": "Made with Blockbench",
	"texture_size": [128, 128],
	"textures": {
		"0": "item/texture",
		"particle": "item/texture"
	},
	"elements": [
		{
			"from": [-15.5, -15.5, 8],
			"to": [31.5, 31.5, 8],
			"rotation": {"angle": 0, "axis": "y", "origin": [8, 8, 8]},
			"faces": {
				"north": {"uv": [0, 0, 5.875, 5.875], "texture": "#0"},
				"east": {"uv": [0, 0, 0, 5.875], "texture": "#0"},
				"south": {"uv": [0, 5.875, 5.875, 11.75], "texture": "#0"},
				"west": {"uv": [0, 0, 0, 5.875], "texture": "#0"},
				"up": {"uv": [5.875, 0, 0, 0], "texture": "#0"},
				"down": {"uv": [5.875, 0, 0, 0], "texture": "#0"}
			}
		}
	],
	"display": {
		"thirdperson_righthand": {
			"translation": [-1.0, -2.0, 0],
			"scale": [2, 2, 2]
		},
		"ground": {
			"translation": [0, 10.5, 0],
			"scale": [0.46, 0.48, 0.48]
		},
		"fixed": {
			"rotation": [0, 0, -25],
			"translation": [0, 0, -0.75],
			"scale": [4, 4, 4]
		}
	}
}