{"providers": [
    {"chars": ["ꒂ"], "file": "jprefixes/1.png", "ascent": 9, "height": 11, "type": "bitmap"}, 
    {"chars": ["ꒃ"], "file": "jprefixes/2.png", "ascent": 9, "height": 11, "type": "bitmap"}, 
    {"chars": ["ꒄ"], "file": "jprefixes/3.png", "ascent": 9, "height": 11, "type": "bitmap"}, 
    {"chars": ["ꒅ"], "file": "jprefixes/4.png", "ascent": 9, "height": 11, "type": "bitmap"}, 
    {"chars": ["ꒆ"], "file": "jprefixes/5.png", "ascent": 9, "height": 11, "type": "bitmap"}, 
    {"chars": ["ꒇ"], "file": "jprefixes/6.png", "ascent": 9, "height": 11, "type": "bitmap"}, 
    {"chars": ["ꒈ"], "file": "jprefixes/7.png", "ascent": 9, "height": 11, "type": "bitmap"}, 
    {"chars": ["ꒉ"], "file": "jprefixes/8.png", "ascent": 9, "height": 11, "type": "bitmap"}, 
    {"chars": ["ꒊ"], "file": "jprefixes/9.png", "ascent": 9, "height": 11, "type": "bitmap"}, 
    {"chars": ["ꒋ"], "file": "jprefixes/10.png", "ascent": 9, "height": 11, "type": "bitmap"}, 
    {"chars": ["ꒌ"], "file": "jprefixes/11.png", "ascent": 9, "height": 11, "type": "bitmap"}, 
    {"chars": ["꒍"], "file": "jprefixes/12.png", "ascent": 9, "height": 11, "type": "bitmap"}, 
    {"chars": ["꒎"], "file": "jprefixes/13.png", "ascent": 9, "height": 11, "type": "bitmap"}, 
    {"chars": ["꒏"], "file": "jprefixes/14.png", "ascent": 9, "height": 11, "type": "bitmap"}, 
    {"chars": ["꒐"], "file": "jprefixes/15.png", "ascent": 9, "height": 11, "type": "bitmap"}, 
    {"chars": ["꒑"], "file": "jprefixes/16.png", "ascent": 9, "height": 11, "type": "bitmap"}, 
    {"chars": ["꒒"], "file": "jprefixes/17.png", "ascent": 9, "height": 11, "type": "bitmap"}, 
    {"chars": ["꒓"], "file": "jprefixes/18.png", "ascent": 9, "height": 11, "type": "bitmap"}, 
    {"chars": ["꒔"], "file": "jprefixes/19.png", "ascent": 9, "height": 11, "type": "bitmap"},

    {"chars": ["ϣ"], "file": "ranks/knight.png", "ascent": 9, "height": 9, "type": "bitmap"},
    {"chars": ["Δ"], "file": "ranks/fighter.png", "ascent": 9, "height": 9, "type": "bitmap"},
    {"chars": ["ϕ"], "file": "ranks/warrior.png", "ascent": 9, "height": 9, "type": "bitmap"},
    {"chars": ["θ"], "file": "ranks/superior.png", "ascent": 9, "height": 9, "type": "bitmap"},
    {"chars": ["ψ"], "file": "ranks/trident.png", "ascent": 9, "height": 9, "type": "bitmap"},
    {"chars": ["ϓ"], "file": "ranks/rewind.png", "ascent": 9, "height": 9, "type": "bitmap"}
]}